t_start,t_end,availability_time,value
1763565447.413468,1763565447.829089,0.4156210422515869,4
