t_start,t_end,availability_time,value
1763039167.370956,1763039167.686355,0.315399169921875,2
