t_start,t_end,availability_time,value
1763725331.455413,1763725331.861649,0.406235933303833,4
