t_start,t_end,availability_time,value
1763562712.32753,1763562713.359161,1.0316309928894043,2
