t_start,t_end,availability_time,value
1763036525.426008,1763036526.923316,1.4973080158233643,2
