t_start,t_end,availability_time,value
1763036493.728247,1763036494.329776,0.6015291213989258,2
