t_start,t_end,availability_time,value
1763722560.677576,1763722561.251296,0.5737199783325195,2
