t_start,t_end,availability_time,value
1763565235.626796,1763565238.655249,3.0284531116485596,2
