t_start,t_end,availability_time,value
1763038978.323982,1763038980.089607,1.765625,2
