t_start,t_end,availability_time,value
1763725118.438929,1763725119.980282,1.5413529872894287,2
