t_start,t_end,availability_time,value
1763566879.774203,1763566880.314805,0.5406019687652588,2
1763566880.795232,1763566881.35323,0.5579979419708252,4
