t_start,t_end,availability_time,value
1763037072.82845,1763037073.015633,0.18718314170837402,2
1763037073.036597,1763037073.177702,0.14110493659973145,4
