t_start,t_end,availability_time,value
1763722809.962793,1763722810.167022,0.20422887802124023,2
1763722810.800724,1763722810.931967,0.13124299049377441,10
