t_start,t_end,availability_time,value
1763574299.742918,1763574299.943314,0.20039606094360352,2
1763574300.190535,1763574300.359544,0.16900897026062012,6
