t_start,t_end,availability_time,value
1763036715.036539,1763036715.244634,0.20809483528137207,4
1763036715.667438,1763036715.884978,0.21754002571105957,6
1763036716.308828,1763036716.494711,0.1858828067779541,10
