t_start,t_end,availability_time,value
1763578153.764524,1763578154.665828,0.9013040065765381,4
1763578154.771678,1763578155.469825,0.6981470584869385,6
1763578155.775524,1763578156.390522,0.6149981021881104,8
1763578156.779805,1763578157.31041,0.5306050777435303,10
1763578157.782778,1763578158.453936,0.6711580753326416,12
1763578158.78643,1763578159.259633,0.473203182220459,14
1763578159.793358,1763578160.315514,0.5221560001373291,16
1763578160.797899,1763578161.387819,0.5899200439453125,18
1763578161.801961,1763578162.296884,0.49492311477661133,20
