t_start,t_end,availability_time,value
1763039219.795411,1763039220.474021,0.6786098480224609,2
