t_start,t_end,availability_time,value
1763725388.945191,1763725389.295035,0.34984397888183594,2
1763725389.966309,1763725390.350256,0.38394689559936523,4
1763725390.978025,1763725391.650157,0.6721320152282715,8
1763725391.984494,1763725392.558343,0.5738489627838135,10
1763725392.988917,1763725393.5609,0.5719828605651855,12
1763725393.994185,1763725394.430634,0.4364490509033203,14
1763725394.999524,1763725395.473157,0.4736328125,16
1763725396.005351,1763725396.564608,0.5592570304870605,18
1763725397.013685,1763725397.524107,0.5104219913482666,20
