t_start,t_end,availability_time,value
1763565503.859013,1763565504.453573,0.594559907913208,2
