t_start,t_end,availability_time,value
1763031906.89059,1763031907.039109,0.14851903915405273,2
