t_start,t_end,availability_time,value
1763557766.486564,1763557766.698158,0.2115941047668457,2
