t_start,t_end,availability_time,value
1763567537.256675,1763567537.369446,0.11277103424072266,2
