t_start,t_end,availability_time,value
1763557788.693442,1763557788.923374,0.22993183135986328,2
