t_start,t_end,availability_time,value
1763031921.211748,1763031921.3413,0.12955212593078613,2
