t_start,t_end,availability_time,value
1763573617.185845,1763573618.297118,1.1112730503082275,2
