t_start,t_end,availability_time,value
1763562675.818051,1763562676.337633,0.5195817947387695,2
