t_start,t_end,availability_time,value
1763031936.791138,1763031936.92064,0.1295020580291748,2
