t_start,t_end,availability_time,value
1763557811.21541,1763557811.441243,0.22583293914794922,2
