t_start,t_end,availability_time,value
1763551872.715473,1763551872.827298,0.11182498931884766,2
