t_start,t_end,availability_time,value
1763577219.601328,1763577222.228353,2.6270251274108887,2
