t_start,t_end,availability_time,value
1763565184.155445,1763565185.748682,1.5932369232177734,2
