t_start,t_end,availability_time,value
1763725069.002222,1763725070.335507,1.333284854888916,2
