t_start,t_end,availability_time,value
1763038932.091562,1763038933.772781,1.6812188625335693,2
