t_start,t_end,availability_time,value
1763575910.378735,1763575910.970255,0.591519832611084,2
