t_start,t_end,availability_time,value
1763570462.310081,1763570462.491622,0.18154096603393555,2
