t_start,t_end,availability_time,value
1763034175.344095,1763034175.478808,0.13471293449401855,2
