t_start,t_end,availability_time,value
1763720572.920797,1763720572.972218,0.05142092704772949,12
