failure_start,recovery_time,ttr
553576.968,553577.765,0.7970000000204891
553586.015,553586.156,0.14099999994505197
553608.484,553608.828,0.34399999992456287
553689.171,553689.203,0.03200000000651926
553714.093,553714.406,0.31299999996554106
553734.296,553734.328,0.03200000000651926
553735.125,553735.281,0.1559999999590218
553744.5,553744.5,0.0
