t_start,t_end,availability_time,value
1763567489.953718,1763567490.073156,0.11943817138671875,2
