t_start,t_end,availability_time,value
1763717803.011203,1763717803.156819,0.1456160545349121,2
