t_start,t_end,availability_time,value
1763565802.924525,1763565803.547143,0.6226179599761963,2
