t_start,t_end,availability_time,value
1763039498.801387,1763039499.651916,0.8505289554595947,2
