t_start,t_end,availability_time,value
1763034089.787654,1763034090.141192,0.35353803634643555,2
