t_start,t_end,availability_time,value
1763720062.73181,1763720063.018539,0.2867288589477539,2
