t_start,t_end,availability_time,value
1763560072.182613,1763560072.668467,0.4858541488647461,2
