t_start,t_end,availability_time,value
1763557744.219597,1763557744.458433,0.23883581161499023,2
