t_start,t_end,availability_time,value
1763567442.800431,1763567442.925562,0.12513089179992676,2
