t_start,t_end,availability_time,value
1763717782.930363,1763717783.06623,0.13586711883544922,2
