t_start,t_end,availability_time,value
1763036598.722692,1763036598.865923,0.14323091506958008,2
1763036599.231408,1763036599.49037,0.25896191596984863,6
1763036599.736321,1763036600.049133,0.31281208992004395,8
1763036600.240963,1763036600.539079,0.29811596870422363,10
1763036600.746278,1763036601.064962,0.3186838626861572,12
1763036601.252989,1763036601.524193,0.27120399475097656,14
1763036601.758306,1763036601.981952,0.22364592552185059,16
1763036602.263096,1763036602.491841,0.2287449836730957,18
1763036602.771503,1763036603.037234,0.2657310962677002,20
