t_start,t_end,availability_time,value
1763562796.958326,1763562797.131715,0.17338895797729492,2
1763562797.467696,1763562797.575923,0.10822701454162598,4
1763562797.973658,1763562798.40583,0.4321718215942383,8
1763562798.478506,1763562798.765265,0.2867588996887207,10
1763562798.982639,1763562799.261859,0.2792198657989502,12
1763562799.488082,1763562799.747361,0.2592790126800537,14
1763562799.996461,1763562800.228424,0.2319631576538086,16
1763562800.503856,1763562800.738902,0.2350461483001709,18
1763562801.017128,1763562801.297676,0.280548095703125,20
