t_start,t_end,availability_time,value
1763562753.89404,1763562754.022255,0.12821483612060547,2
1763562754.306959,1763562754.495445,0.18848609924316406,6
1763562754.935224,1763562755.418397,0.4831728935241699,10
