t_start,t_end,availability_time,value
1763722637.749088,1763722637.952108,0.2030198574066162,2
1763722638.800993,1763722639.118425,0.3174319267272949,8
