t_start,t_end,availability_time,value
1763036562.859122,1763036563.144267,0.2851450443267822,8
