t_start,t_end,availability_time,value
1763560234.155082,1763560234.283792,0.12871003150939941,2
1763560235.015918,1763560235.204725,0.18880701065063477,8
1763560235.444525,1763560235.626284,0.18175888061523438,12
