t_start,t_end,availability_time,value
1763039401.366018,1763039401.60061,0.23459196090698242,2
