t_start,t_end,availability_time,value
1763720116.303201,1763720116.630844,0.32764315605163574,2
