t_start,t_end,availability_time,value
1763034132.188534,1763034132.557174,0.3686399459838867,2
