t_start,t_end,availability_time,value
1763560134.578747,1763560135.189972,0.611224889755249,2
