t_start,t_end,availability_time,value
1763036401.803427,1763036402.525028,0.7216010093688965,2
