t_start,t_end,availability_time,value
1763034277.559374,1763034277.615327,0.05595278739929199,4
1763034277.676323,1763034277.73263,0.056307077407836914,8
