t_start,t_end,availability_time,value
1763570532.188367,1763570532.22604,0.037672996520996094,2
1763570532.392317,1763570532.478801,0.08648395538330078,6
1763570532.596714,1763570532.723294,0.12657999992370605,8
1763570532.801942,1763570532.898048,0.09610581398010254,10
1763570533.005727,1763570533.109664,0.10393691062927246,12
1763570533.210348,1763570533.320237,0.10988903045654297,14
1763570533.416405,1763570533.511077,0.09467196464538574,16
1763570533.620669,1763570533.720635,0.09996604919433594,18
1763570533.82409,1763570533.929049,0.10495901107788086,20
