t_start,t_end,availability_time,value
1763034197.305772,1763034197.385992,0.08021998405456543,4
1763034197.510726,1763034197.628784,0.1180579662322998,8
1763034197.714879,1763034197.840741,0.12586188316345215,10
1763034197.919625,1763034198.047412,0.12778687477111816,12
1763034198.123966,1763034198.242335,0.11836910247802734,14
1763034198.329262,1763034198.414055,0.0847930908203125,16
1763034198.533946,1763034198.630379,0.09643292427062988,18
1763034198.739179,1763034198.854154,0.1149752140045166,20
