t_start,t_end,availability_time,value
1763557833.603674,1763557833.649715,0.046041011810302734,4
1763557833.659683,1763557833.668464,0.008780956268310547,8
1763557833.715292,1763557833.772357,0.05706501007080078,10
1763557833.774632,1763557833.82457,0.04993796348571777,14
