t_start,t_end,availability_time,value
1763567632.908409,1763567632.952727,0.04431796073913574,2
1763567632.96209,1763567632.970724,0.008634090423583984,4
1763567633.014978,1763567633.045888,0.030910015106201172,10
1763567633.06831,1763567633.10025,0.03193998336791992,12
1763567633.12251,1763567633.147939,0.02542901039123535,14
1763567633.176019,1763567633.20787,0.03185105323791504,16
1763567633.23112,1763567633.263066,0.03194594383239746,18
1763567633.284256,1763567633.316733,0.03247690200805664,20
