t_start,t_end,availability_time,value
1763577999.8836,1763578000.277352,0.3937520980834961,2
