t_start,t_end,availability_time,value
1763575289.170158,1763575289.473047,0.3028891086578369,4
