t_start,t_end,availability_time,value
1763560167.127796,1763560167.647701,0.5199050903320312,2
