t_start,t_end,availability_time,value
1763720089.002255,1763720089.348573,0.34631800651550293,2
