t_start,t_end,availability_time,value
1763034110.917833,1763034111.188122,0.27028894424438477,2
