t_start,t_end,availability_time,value
1763570253.84208,1763570254.086338,0.24425792694091797,2
