t_start,t_end,availability_time,value
1763560103.179571,1763560103.658374,0.4788031578063965,2
