t_start,t_end,availability_time,value
1763574433.299056,1763574433.525485,0.22642898559570312,2
