t_start,t_end,availability_time,value
1763725168.891924,1763725170.353796,1.4618721008300781,2
