t_start,t_end,availability_time,value
1763577529.073215,1763577531.710274,2.637058973312378,2
