t_start,t_end,availability_time,value
1763039023.764165,1763039025.286058,1.52189302444458,2
