t_start,t_end,availability_time,value
1763565287.858371,1763565289.290288,1.4319169521331787,2
