t_start,t_end,availability_time,value
1765301110.374328,1765301110.896076,0.5217480659484863,2
1765301110.90229,1765301111.387972,0.48568201065063477,4
