t_start,t_end,availability_time,value
1763726762.807894,1763726763.176927,0.3690330982208252,2
1763726763.817081,1763726764.128164,0.3110830783843994,4
