t_start,t_end,availability_time,value
1763570184.728682,1763570184.979464,0.2507820129394531,2
