t_start,t_end,availability_time,value
1763577373.706121,1763577376.524307,2.818186044692993,2
