t_start,t_end,availability_time,value
1763720142.778085,1763720143.084912,0.3068270683288574,2
