t_start,t_end,availability_time,value
1763034153.708681,1763034154.073694,0.36501288414001465,2
