t_start,t_end,availability_time,value
1763570392.709979,1763570392.96639,0.2564108371734619,2
