t_start,t_end,availability_time,value
1763031892.83534,1763031892.980697,0.1453568935394287,2
