t_start,t_end,availability_time,value
1763722488.042038,1763722488.696751,0.6547131538391113,2
