t_start,t_end,availability_time,value
1763573403.654184,1763573404.992948,1.338763952255249,2
