t_start,t_end,availability_time,value
1763036432.040887,1763036432.608509,0.5676219463348389,2
