t_start,t_end,availability_time,value
1763565135.770993,1763565137.287708,1.5167150497436523,2
