t_start,t_end,availability_time,value
1763577064.421692,1763577067.151689,2.729997158050537,2
