t_start,t_end,availability_time,value
1763038887.901834,1763038889.642447,1.7406129837036133,2
