t_start,t_end,availability_time,value
1763725018.782654,1763725020.457965,1.6753108501434326,2
