t_start,t_end,availability_time,value
1763717843.830444,1763717844.005849,0.17540478706359863,2
