t_start,t_end,availability_time,value
1763567585.715634,1763567585.828679,0.11304497718811035,2
