t_start,t_end,availability_time,value
1763570323.207386,1763570323.518192,0.3108060359954834,2
