t_start,t_end,availability_time,value
1763573949.853673,1763573950.158641,0.30496811866760254,4
