t_start,t_end,availability_time,value
1763579641.826687,1763579642.337806,0.5111188888549805,2
1763579642.351773,1763579642.707682,0.3559088706970215,4
