t_start,t_end,availability_time,value
1763040001.333287,1763040001.639807,0.3065199851989746,2
