t_start,t_end,availability_time,value
1763726206.527325,1763726206.922638,0.395313024520874,4
