t_start,t_end,availability_time,value
1763574064.385698,1763574064.792458,0.40675997734069824,2
