t_start,t_end,availability_time,value
1763560199.920874,1763560200.677361,0.7564868927001953,2
