t_start,t_end,availability_time,value
1763720169.294717,1763720169.387402,0.09268498420715332,2
