t_start,t_end,availability_time,value
1765311498.742775,1765311499.133548,0.39077305793762207,4
1765311499.270554,1765311499.469136,0.19858193397521973,6
