t_start,t_end,availability_time,value
1763578637.885443,1763578638.38807,0.5026271343231201,2
1763578638.398025,1763578638.743435,0.3454098701477051,4
