t_start,t_end,availability_time,value
1763565699.429796,1763565699.925941,0.49614500999450684,4
