t_start,t_end,availability_time,value
1763725580.504488,1763725580.90585,0.40136194229125977,4
