t_start,t_end,availability_time,value
1763722524.239713,1763722524.818054,0.578341007232666,2
