t_start,t_end,availability_time,value
1763036463.316839,1763036463.936017,0.619178056716919,2
