t_start,t_end,availability_time,value
1763562638.347481,1763562638.995685,0.6482040882110596,2
