t_start,t_end,availability_time,value
1763573509.915843,1763573510.988014,1.0721709728240967,2
