t_start,t_end,availability_time,value
1763039749.394049,1763039749.603277,0.2092280387878418,2
