t_start,t_end,availability_time,value
1763571209.97518,1763571210.011347,0.036167144775390625,12
1763571210.432969,1763571210.487328,0.05435895919799805,18
