t_start,t_end,availability_time,value
1763573296.357413,1763573297.885937,1.5285239219665527,2
