t_start,t_end,availability_time,value
1763722451.805099,1763722452.439007,0.6339080333709717,2
