t_start,t_end,availability_time,value
1763562557.015854,1763562557.575675,0.5598211288452148,2
