t_start,t_end,availability_time,value
1763566321.769576,1763566322.176967,0.407390832901001,2
1763566322.289574,1763566322.595403,0.3058290481567383,4
