t_start,t_end,availability_time,value
1763039117.88049,1763039118.659227,0.7787368297576904,2
