t_start,t_end,availability_time,value
1763565392.955184,1763565393.455441,0.5002570152282715,2
