t_start,t_end,availability_time,value
1763722596.305168,1763722597.157526,0.8523581027984619,2
