t_start,t_end,availability_time,value
1763573723.926113,1763573725.574104,1.6479911804199219,2
