t_start,t_end,availability_time,value
1763563306.992223,1763563307.169764,0.17754101753234863,8
