t_start,t_end,availability_time,value
1763039068.573748,1763039071.019632,2.4458839893341064,2
