t_start,t_end,availability_time,value
1763725219.602563,1763725221.383599,1.781036138534546,2
