t_start,t_end,availability_time,value
1763577685.27289,1763577688.528621,3.2557308673858643,2
