t_start,t_end,availability_time,value
1763573837.35299,1763573837.862974,0.509984016418457,2
