t_start,t_end,availability_time,value
1763577842.816004,1763577844.979708,2.1637039184570312,2
