t_start,t_end,availability_time,value
1763725274.919272,1763725275.414614,0.4953420162200928,2
