t_start,t_end,availability_time,value
1763565337.679039,1763565340.1253,2.446260929107666,2
