t_start,t_end,availability_time,value
1763717823.44148,1763717823.602067,0.16058707237243652,2
