t_start,t_end,availability_time,value
1763562601.462279,1763562602.028381,0.5661020278930664,2
